File Name,Expected Code Smells
InEventRepository,[]
InMemoryEventRepository,[]
EventPredicates,[]
ValidationUtil,[]
CsvUtil,[]
DateTimeParser,[]
TimezoneUtil,[]
CommandParser,[]
CalendarController,[]
InCalendarController,[]
EventStatus,[]
EventSeries,[]
Calendar,[]
EventBuilder,[]
AbstractEvent,[]
RecurringEvent,[]
InCalendar,[]
InEvent,[]
CalendarDatabase,[]
Weekday,[]
SingleEvent,[]
RecurrencePattern,[]
ReadOnlyCalendar,[]
InteractiveView,[]
HeadlessView,[]
InCalendarView,[]
InCommand,[]
CreateEventCommand,[]
EditEventCommand,[]
QueryEventCommand,[]
ShowStatusCommand,[]
ExportCommand,[]
EditCalendarCommand,[]
CopyEventsOnDateCommand,[]
CopyEventsBetweenDatesCommand,[]
CopyEventCommand,[]
CreateCalendarCommand,[]
UseCalendarCommand,[]
CsvExportService,[]
InEventService,[]
InExportService,[]
EventService,['Switch Statements']
CalExportFunction,[]
CsvExportFunction,[]
InExportFunction,[]
ExportService,[]
EventNotFoundException,[]
CalendarNotFoundException,[]
CalendarException,[]
InvalidCommandException,[]
DuplicateEventException,[]
InvalidDateTimeException,[]
ReadOnlyCalendarException,[]
ActiveCalendarRequiredException,[]
DuplicateCalendarException,[]
CalendarRunner,[]