File Name,Expected Code Smells
/Users/yashburshe/Developer/StaticNose/datasets/student-submissions/assg5/f25-hw5-cal2-group19/main/java/calendar/repository/InEventRepository.java,[]
/Users/yashburshe/Developer/StaticNose/datasets/student-submissions/assg5/f25-hw5-cal2-group19/main/java/calendar/repository/InMemoryEventRepository.java,[]
/Users/yashburshe/Developer/StaticNose/datasets/student-submissions/assg5/f25-hw5-cal2-group19/main/java/calendar/util/EventPredicates.java,[]
/Users/yashburshe/Developer/StaticNose/datasets/student-submissions/assg5/f25-hw5-cal2-group19/main/java/calendar/util/ValidationUtil.java,[]
/Users/yashburshe/Developer/StaticNose/datasets/student-submissions/assg5/f25-hw5-cal2-group19/main/java/calendar/util/CsvUtil.java,[]
/Users/yashburshe/Developer/StaticNose/datasets/student-submissions/assg5/f25-hw5-cal2-group19/main/java/calendar/util/DateTimeParser.java,[]
/Users/yashburshe/Developer/StaticNose/datasets/student-submissions/assg5/f25-hw5-cal2-group19/main/java/calendar/util/TimezoneUtil.java,[]
/Users/yashburshe/Developer/StaticNose/datasets/student-submissions/assg5/f25-hw5-cal2-group19/main/java/calendar/controller/CommandParser.java,[]
/Users/yashburshe/Developer/StaticNose/datasets/student-submissions/assg5/f25-hw5-cal2-group19/main/java/calendar/controller/CalendarController.java,[]
/Users/yashburshe/Developer/StaticNose/datasets/student-submissions/assg5/f25-hw5-cal2-group19/main/java/calendar/controller/InCalendarController.java,[]
/Users/yashburshe/Developer/StaticNose/datasets/student-submissions/assg5/f25-hw5-cal2-group19/main/java/calendar/model/EventStatus.java,[]
/Users/yashburshe/Developer/StaticNose/datasets/student-submissions/assg5/f25-hw5-cal2-group19/main/java/calendar/model/EventSeries.java,[]
/Users/yashburshe/Developer/StaticNose/datasets/student-submissions/assg5/f25-hw5-cal2-group19/main/java/calendar/model/Calendar.java,[]
/Users/yashburshe/Developer/StaticNose/datasets/student-submissions/assg5/f25-hw5-cal2-group19/main/java/calendar/model/EventBuilder.java,[]
/Users/yashburshe/Developer/StaticNose/datasets/student-submissions/assg5/f25-hw5-cal2-group19/main/java/calendar/model/AbstractEvent.java,[]
/Users/yashburshe/Developer/StaticNose/datasets/student-submissions/assg5/f25-hw5-cal2-group19/main/java/calendar/model/RecurringEvent.java,[]
/Users/yashburshe/Developer/StaticNose/datasets/student-submissions/assg5/f25-hw5-cal2-group19/main/java/calendar/model/InCalendar.java,[]
/Users/yashburshe/Developer/StaticNose/datasets/student-submissions/assg5/f25-hw5-cal2-group19/main/java/calendar/model/InEvent.java,[]
/Users/yashburshe/Developer/StaticNose/datasets/student-submissions/assg5/f25-hw5-cal2-group19/main/java/calendar/model/CalendarDatabase.java,[]
/Users/yashburshe/Developer/StaticNose/datasets/student-submissions/assg5/f25-hw5-cal2-group19/main/java/calendar/model/Weekday.java,[]
/Users/yashburshe/Developer/StaticNose/datasets/student-submissions/assg5/f25-hw5-cal2-group19/main/java/calendar/model/SingleEvent.java,[]
/Users/yashburshe/Developer/StaticNose/datasets/student-submissions/assg5/f25-hw5-cal2-group19/main/java/calendar/model/RecurrencePattern.java,[]
/Users/yashburshe/Developer/StaticNose/datasets/student-submissions/assg5/f25-hw5-cal2-group19/main/java/calendar/model/ReadOnlyCalendar.java,[]
/Users/yashburshe/Developer/StaticNose/datasets/student-submissions/assg5/f25-hw5-cal2-group19/main/java/calendar/view/InteractiveView.java,[]
/Users/yashburshe/Developer/StaticNose/datasets/student-submissions/assg5/f25-hw5-cal2-group19/main/java/calendar/view/HeadlessView.java,[]
/Users/yashburshe/Developer/StaticNose/datasets/student-submissions/assg5/f25-hw5-cal2-group19/main/java/calendar/view/InCalendarView.java,[]
/Users/yashburshe/Developer/StaticNose/datasets/student-submissions/assg5/f25-hw5-cal2-group19/main/java/calendar/command/InCommand.java,[]
/Users/yashburshe/Developer/StaticNose/datasets/student-submissions/assg5/f25-hw5-cal2-group19/main/java/calendar/command/CreateEventCommand.java,[]
/Users/yashburshe/Developer/StaticNose/datasets/student-submissions/assg5/f25-hw5-cal2-group19/main/java/calendar/command/EditEventCommand.java,[]
/Users/yashburshe/Developer/StaticNose/datasets/student-submissions/assg5/f25-hw5-cal2-group19/main/java/calendar/command/QueryEventCommand.java,[]
/Users/yashburshe/Developer/StaticNose/datasets/student-submissions/assg5/f25-hw5-cal2-group19/main/java/calendar/command/ShowStatusCommand.java,[]
/Users/yashburshe/Developer/StaticNose/datasets/student-submissions/assg5/f25-hw5-cal2-group19/main/java/calendar/command/ExportCommand.java,[]
/Users/yashburshe/Developer/StaticNose/datasets/student-submissions/assg5/f25-hw5-cal2-group19/main/java/calendar/command/EditCalendarCommand.java,[]
/Users/yashburshe/Developer/StaticNose/datasets/student-submissions/assg5/f25-hw5-cal2-group19/main/java/calendar/command/CopyEventsOnDateCommand.java,[]
/Users/yashburshe/Developer/StaticNose/datasets/student-submissions/assg5/f25-hw5-cal2-group19/main/java/calendar/command/CopyEventsBetweenDatesCommand.java,[]
/Users/yashburshe/Developer/StaticNose/datasets/student-submissions/assg5/f25-hw5-cal2-group19/main/java/calendar/command/CopyEventCommand.java,[]
/Users/yashburshe/Developer/StaticNose/datasets/student-submissions/assg5/f25-hw5-cal2-group19/main/java/calendar/command/CreateCalendarCommand.java,[]
/Users/yashburshe/Developer/StaticNose/datasets/student-submissions/assg5/f25-hw5-cal2-group19/main/java/calendar/command/UseCalendarCommand.java,[]
/Users/yashburshe/Developer/StaticNose/datasets/student-submissions/assg5/f25-hw5-cal2-group19/main/java/calendar/service/CsvExportService.java,[]
/Users/yashburshe/Developer/StaticNose/datasets/student-submissions/assg5/f25-hw5-cal2-group19/main/java/calendar/service/InEventService.java,[]
/Users/yashburshe/Developer/StaticNose/datasets/student-submissions/assg5/f25-hw5-cal2-group19/main/java/calendar/service/InExportService.java,[]
/Users/yashburshe/Developer/StaticNose/datasets/student-submissions/assg5/f25-hw5-cal2-group19/main/java/calendar/service/EventService.java,['Switch Statements']
/Users/yashburshe/Developer/StaticNose/datasets/student-submissions/assg5/f25-hw5-cal2-group19/main/java/calendar/service/CalExportFunction.java,[]
/Users/yashburshe/Developer/StaticNose/datasets/student-submissions/assg5/f25-hw5-cal2-group19/main/java/calendar/service/CsvExportFunction.java,[]
/Users/yashburshe/Developer/StaticNose/datasets/student-submissions/assg5/f25-hw5-cal2-group19/main/java/calendar/service/InExportFunction.java,[]
/Users/yashburshe/Developer/StaticNose/datasets/student-submissions/assg5/f25-hw5-cal2-group19/main/java/calendar/service/ExportService.java,[]
/Users/yashburshe/Developer/StaticNose/datasets/student-submissions/assg5/f25-hw5-cal2-group19/main/java/calendar/exception/EventNotFoundException.java,[]
/Users/yashburshe/Developer/StaticNose/datasets/student-submissions/assg5/f25-hw5-cal2-group19/main/java/calendar/exception/CalendarNotFoundException.java,[]
/Users/yashburshe/Developer/StaticNose/datasets/student-submissions/assg5/f25-hw5-cal2-group19/main/java/calendar/exception/CalendarException.java,[]
/Users/yashburshe/Developer/StaticNose/datasets/student-submissions/assg5/f25-hw5-cal2-group19/main/java/calendar/exception/InvalidCommandException.java,[]
/Users/yashburshe/Developer/StaticNose/datasets/student-submissions/assg5/f25-hw5-cal2-group19/main/java/calendar/exception/DuplicateEventException.java,[]
/Users/yashburshe/Developer/StaticNose/datasets/student-submissions/assg5/f25-hw5-cal2-group19/main/java/calendar/exception/InvalidDateTimeException.java,[]
/Users/yashburshe/Developer/StaticNose/datasets/student-submissions/assg5/f25-hw5-cal2-group19/main/java/calendar/exception/ReadOnlyCalendarException.java,[]
/Users/yashburshe/Developer/StaticNose/datasets/student-submissions/assg5/f25-hw5-cal2-group19/main/java/calendar/exception/ActiveCalendarRequiredException.java,[]
/Users/yashburshe/Developer/StaticNose/datasets/student-submissions/assg5/f25-hw5-cal2-group19/main/java/calendar/exception/DuplicateCalendarException.java,[]
/Users/yashburshe/Developer/StaticNose/datasets/student-submissions/assg5/f25-hw5-cal2-group19/main/java/CalendarRunner.java,[]
